Data,ZamkniÄ™cie
2014-01-02,"15,92"
2014-01-03,"15,92"
2014-01-07,"15,76"
2014-01-08,"15,36"
2014-01-09,"15,28"
2014-01-10,"15,76"
2014-01-13,"15,88"
2014-01-14,"15,88"
2014-01-15,"16,6"
2014-01-16,"17,16"
2014-01-17,"16,64"
2014-01-20,"16,52"
2014-01-21,"16,68"
2014-01-22,"16,36"
2014-01-23,"16,56"
2014-01-24,"16,4"
2014-01-27,"15,96"
2014-01-28,"16,64"
2014-01-29,"16,56"
2014-01-30,"16,4"
2014-01-31,"16,2"
2014-02-03,"16,08"
2014-02-04,"16,4"
2014-02-05,"16,6"
2014-02-06,"16,84"
2014-02-07,"16,84"
2014-02-10,"17,6"
2014-02-11,"17,48"
2014-02-12,"17,8"
2014-02-13,"17,72"
2014-02-14,"17,44"
2014-02-17,"17,36"
2014-02-18,"17,2"
2014-02-19,"16,72"
2014-02-20,"16,28"
2014-02-21,"16,56"
2014-02-24,"16,8"
2014-02-25,"16,4"
2014-02-26,"16,12"
2014-02-27,"15,92"
2014-02-28,16
2014-03-03,"13,8"
2014-03-04,"14,8"
2014-03-05,"14,36"
2014-03-06,"14,2"
2014-03-07,"13,6"
2014-03-10,"13,16"
2014-03-11,13
2014-03-12,"12,24"
2014-03-13,"11,68"
2014-03-14,11
2014-03-17,13
2014-03-18,"13,24"
2014-03-19,"12,28"
2014-03-20,"12,12"
2014-03-21,"12,28"
2014-03-24,"11,96"
2014-03-25,"11,96"
2014-03-26,"13,16"
2014-03-27,"12,92"
2014-03-28,"12,68"
2014-03-31,13
2014-04-01,"13,72"
2014-04-02,"14,16"
2014-04-03,"14,08"
2014-04-04,"14,16"
2014-04-07,"13,64"
2014-04-08,"13,28"
2014-04-09,"13,36"
2014-04-10,"13,04"
2014-04-11,"13,04"
2014-04-14,"12,56"
2014-04-15,"12,6"
2014-04-16,"12,4"
2014-04-17,"12,56"
2014-04-22,"13,32"
2014-04-23,"12,96"
2014-04-24,"12,48"
2014-04-25,"12,76"
2014-04-28,"12,64"
2014-04-29,"12,6"
2014-04-30,"12,76"
2014-05-02,"13,16"
2014-05-05,"12,6"
2014-05-06,"12,72"
2014-05-07,"12,92"
2014-05-08,"13,16"
2014-05-09,"12,8"
2014-05-12,"12,56"
2014-05-13,"12,84"
2014-05-14,"12,8"
2014-05-15,"12,8"
2014-05-16,"12,6"
2014-05-19,"12,64"
2014-05-20,"12,64"
2014-05-21,"12,8"
2014-05-22,"13,04"
2014-05-23,"13,32"
2014-05-26,"13,44"
2014-05-27,"13,4"
2014-05-28,"13,44"
2014-05-29,"13,32"
2014-05-30,"13,16"
2014-06-02,"13,12"
2014-06-03,"13,2"
2014-06-04,"13,04"
2014-06-05,"13,32"
2014-06-06,"13,52"
2014-06-09,"13,52"
2014-06-10,"13,48"
2014-06-11,"13,32"
2014-06-12,"13,2"
2014-06-13,"13,2"
2014-06-16,"12,96"
2014-06-17,"12,76"
2014-06-18,"12,76"
2014-06-20,13
2014-06-23,"12,68"
2014-06-24,"12,8"
2014-06-25,"12,32"
2014-06-26,"12,36"
2014-06-27,"12,2"
2014-06-30,"12,48"
2014-07-01,"12,08"
2014-07-02,"11,84"
2014-07-03,"11,76"
2014-07-04,"11,84"
2014-07-07,"11,76"
2014-07-08,"11,28"
2014-07-09,"11,04"
2014-07-10,11
2014-07-11,"11,76"
2014-07-14,"12,36"
2014-07-15,"12,32"
2014-07-16,"12,28"
2014-07-17,"12,36"
2014-07-18,"12,28"
2014-07-21,"12,24"
2014-07-22,"12,16"
2014-07-23,"11,96"
2014-07-24,"12,16"
2014-07-25,"12,12"
2014-07-28,"12,16"
2014-07-29,"11,88"
2014-07-30,"11,12"
2014-07-31,"11,08"
2014-08-01,"11,28"
2014-08-04,"11,44"
2014-08-05,"11,08"
2014-08-06,"10,88"
2014-08-07,"10,48"
2014-08-08,"10,08"
2014-08-11,"10,84"
2014-08-12,"11,08"
2014-08-13,"11,28"
2014-08-14,"11,24"
2014-08-18,"11,28"
2014-08-19,"11,2"
2014-08-20,"11,16"
2014-08-21,"11,16"
2014-08-22,"10,88"
2014-08-25,11
2014-08-26,"11,2"
2014-08-27,"11,32"
2014-08-28,"10,56"
2014-08-29,"10,68"
2014-09-01,"10,72"
2014-09-02,"10,48"
2014-09-03,"11,08"
2014-09-04,"11,16"
2014-09-05,"10,84"
2014-09-08,"10,92"
2014-09-09,"10,84"
2014-09-10,"11,04"
2014-09-11,"10,92"
2014-09-12,"10,92"
2014-09-15,"11,52"
2014-09-16,"11,92"
2014-09-17,"12,16"
2014-09-18,"11,8"
2014-09-19,"12,04"
2014-09-22,"11,92"
2014-09-23,"11,84"
2014-09-24,12
2014-09-25,"11,6"
2014-09-26,"11,56"
2014-09-29,"11,6"
2014-09-30,"11,76"
2014-10-01,"11,28"
2014-10-02,"10,8"
2014-10-03,"10,96"
2014-10-06,"11,16"
2014-10-07,"10,88"
2014-10-08,"10,56"
2014-10-09,"10,56"
2014-10-10,"10,36"
2014-10-13,"10,24"
2014-10-14,"10,12"
2014-10-15,"9,76"
2014-10-16,"9,68"
2014-10-17,"9,2"
2014-10-20,"9,08"
2014-10-21,"9,6"
2014-10-22,"9,64"
2014-10-23,"9,4"
2014-10-24,"9,44"
2014-10-27,"9,72"
2014-10-28,"9,64"
2014-10-29,"9,8"
2014-10-30,"9,64"
2014-10-31,"9,76"
2014-11-03,"9,64"
2014-11-04,"9,92"
2014-11-05,"9,88"
2014-11-06,"9,64"
2014-11-07,"9,56"
2014-11-10,"9,56"
2014-11-12,"9,4"
2014-11-13,"9,24"
2014-11-14,"9,44"
2014-11-17,"9,48"
2014-11-18,"9,6"
2014-11-19,"9,56"
2014-11-20,"9,48"
2014-11-21,"9,64"
2014-11-24,"9,56"
2014-11-25,"9,44"
2014-11-26,"9,76"
2014-11-27,"9,6"
2014-11-28,"9,48"
2014-12-01,"9,44"
2014-12-02,"9,48"
2014-12-03,"9,48"
2014-12-04,"9,16"
2014-12-05,"9,12"
2014-12-08,"9,12"
2014-12-09,"8,96"
2014-12-10,"8,6"
2014-12-11,"8,8"
2014-12-12,"8,72"
2014-12-15,"8,6"
2014-12-16,8
2014-12-17,"8,2"
2014-12-18,"8,2"
2014-12-19,8
2014-12-22,"7,76"
2014-12-23,"7,8"
2014-12-29,"7,36"
2014-12-30,"7,44"
2015-01-02,"7,56"
2015-01-05,"7,52"
2015-01-07,"8,24"
2015-01-08,"8,88"
2015-01-09,"8,84"
2015-01-12,"8,72"
2015-01-13,"8,64"
2015-01-14,"8,36"
2015-01-15,"7,72"
2015-01-16,"7,88"
2015-01-19,"8,04"
2015-01-20,"7,88"
2015-01-21,"7,92"
2015-01-22,8
2015-01-23,"7,92"
2015-01-26,"7,52"
2015-01-27,"7,56"
2015-01-28,"7,88"
2015-01-29,"7,92"
2015-01-30,"7,84"
2015-02-02,"7,92"
2015-02-03,"7,84"
2015-02-04,"7,68"
2015-02-05,"7,56"
2015-02-06,"7,72"
2015-02-09,"7,68"
2015-02-10,"7,68"
2015-02-11,"7,72"
2015-02-12,"7,88"
2015-02-13,"8,2"
2015-02-16,"8,4"
2015-02-17,"8,4"
2015-02-18,"8,36"
2015-02-19,"8,32"
2015-02-20,"8,28"
2015-02-23,"8,24"
2015-02-24,"8,2"
2015-02-25,"7,72"
2015-02-26,"7,68"
2015-02-27,8
2015-03-02,"8,36"
2015-03-03,"8,2"
2015-03-04,"8,2"
2015-03-05,"8,16"
2015-03-06,"8,24"
2015-03-09,"8,44"
2015-03-10,"8,8"
2015-03-11,"8,96"
2015-03-12,"8,92"
2015-03-13,"9,12"
2015-03-16,"9,52"
2015-03-17,"9,48"
2015-03-18,"9,4"
2015-03-19,"9,24"
2015-03-20,"9,16"
2015-03-23,"9,12"
2015-03-24,"8,96"
2015-03-25,"8,76"
2015-03-26,"8,48"
2015-03-27,"8,36"
2015-03-30,"8,32"
2015-03-31,"8,32"
2015-04-01,"7,88"
2015-04-02,"7,76"
2015-04-07,"8,16"
2015-04-08,"8,4"
2015-04-09,"8,76"
2015-04-10,"8,36"
2015-04-13,"8,56"
2015-04-14,"8,52"
2015-04-15,"8,64"
2015-04-16,"8,76"
2015-04-17,"8,76"
2015-04-20,"8,8"
2015-04-21,"8,8"
2015-04-22,"8,76"
2015-04-23,"8,76"
2015-04-24,"8,72"
2015-04-27,"8,56"
2015-04-28,"8,48"
2015-04-29,"8,68"
2015-04-30,"8,6"
2015-05-04,"8,64"
2015-05-05,"8,64"
2015-05-06,"8,64"
2015-05-07,"8,64"
2015-05-08,"8,76"
2015-05-11,"8,64"
2015-05-12,"8,64"
2015-05-13,"8,44"
2015-05-14,"8,36"
2015-05-15,"8,44"
2015-05-18,"8,32"
2015-05-19,"8,24"
2015-05-20,"8,2"
2015-05-21,"8,16"
2015-05-22,8
2015-05-25,"7,72"
2015-05-26,"7,8"
2015-05-27,"8,04"
2015-05-28,8
2015-05-29,"7,84"
2015-06-01,"7,96"
2015-06-02,"7,84"
2015-06-03,"7,88"
2015-06-05,"7,84"
2015-06-08,"7,72"
2015-06-09,"7,68"
2015-06-10,"7,8"
2015-06-11,"7,8"
2015-06-12,"7,72"
2015-06-15,"7,6"
2015-06-16,"7,48"
2015-06-17,"7,36"
2015-06-18,"7,12"
2015-06-19,"6,92"
2015-06-22,7
2015-06-23,"7,12"
2015-06-24,"7,08"
2015-06-25,"7,08"
2015-06-26,7
2015-06-29,"6,68"
2015-06-30,"6,64"
2015-07-01,"6,72"
2015-07-02,"6,8"
2015-07-03,"6,56"
2015-07-06,"6,36"
2015-07-07,"6,2"
2015-07-08,"5,96"
2015-07-09,"6,04"
2015-07-10,"6,28"
2015-07-13,"6,52"
2015-07-14,"6,6"
2015-07-15,"6,56"
2015-07-16,"6,56"
2015-07-17,"6,52"
2015-07-20,"6,24"
2015-07-21,"6,16"
2015-07-22,"5,76"
2015-07-23,"5,8"
2015-07-24,"5,6"
2015-07-27,"5,52"
2015-07-28,"5,92"
2015-07-29,6
2015-07-30,"6,12"
2015-07-31,"6,36"
2015-08-03,"6,4"
2015-08-04,"6,28"
2015-08-05,"6,24"
2015-08-06,"5,84"
2015-08-07,"5,88"
2015-08-10,"5,92"
2015-08-11,"5,88"
2015-08-12,"5,88"
2015-08-13,"5,96"
2015-08-14,"5,72"
2015-08-17,"5,76"
2015-08-18,"6,12"
2015-08-19,"6,56"
2015-08-20,"6,56"
2015-08-21,"6,48"
2015-08-24,"6,16"
2015-08-25,"6,16"
2015-08-26,6
2015-08-27,"6,2"
2015-08-28,"6,16"
2015-08-31,"6,2"
2015-09-01,"6,08"
2015-09-02,"6,16"
2015-09-03,"6,24"
2015-09-04,6
2015-09-07,"5,8"
2015-09-08,"5,84"
2015-09-09,"5,72"
2015-09-10,"5,76"
2015-09-11,"5,84"
2015-09-14,"5,8"
2015-09-15,"5,68"
2015-09-16,"5,88"
2015-09-17,"6,2"
2015-09-18,"5,92"
2015-09-21,6
2015-09-22,"6,04"
2015-09-23,"5,96"
2015-09-24,6
2015-09-25,"6,04"
2015-09-28,"5,88"
2015-09-29,"5,96"
2015-09-30,"5,96"
2015-10-01,"5,88"
2015-10-02,"5,8"
2015-10-05,"5,88"
2015-10-06,6
2015-10-07,6
2015-10-08,"6,04"
2015-10-09,"6,6"
2015-10-12,"6,6"
2015-10-13,"6,6"
2015-10-14,"6,32"
2015-10-15,"6,56"
2015-10-16,"6,68"
2015-10-19,"6,64"
2015-10-20,"6,64"
2015-10-21,"6,64"
2015-10-22,"6,48"
2015-10-23,"6,48"
2015-10-26,"6,36"
2015-10-27,"6,32"
2015-10-28,"6,56"
2015-10-29,"6,48"
2015-10-30,"6,4"
2015-11-02,"6,48"
2015-11-03,"6,44"
2015-11-04,"6,52"
2015-11-05,"6,48"
2015-11-06,"6,48"
2015-11-09,"6,48"
2015-11-10,"6,44"
2015-11-12,"6,44"
2015-11-13,"6,16"
2015-11-16,"5,8"
2015-11-17,"5,88"
2015-11-18,"5,68"
2015-11-19,"5,72"
2015-11-20,"5,6"
2015-11-23,"5,24"
2015-11-24,"5,2"
2015-11-25,"5,16"
2015-11-26,"5,12"
2015-11-27,"5,08"
2015-11-30,"5,24"
2015-12-01,"4,84"
2015-12-02,"4,72"
2015-12-03,"4,56"
2015-12-04,"4,08"
2015-12-07,"3,96"
2015-12-08,"3,76"
2015-12-09,"3,84"
2015-12-10,"4,24"
2015-12-11,"4,28"
2015-12-14,"4,16"
2015-12-15,"4,28"
2015-12-16,"4,64"
2015-12-17,5
2015-12-18,"4,96"
2015-12-21,"4,92"
2015-12-22,"4,8"
2015-12-23,"4,88"
2015-12-28,"4,84"
2015-12-29,"4,88"
2015-12-30,"4,88"
2016-01-04,"4,84"
2016-01-05,"4,8"
2016-01-07,"4,72"
2016-01-08,"4,72"
2016-01-11,"4,96"
2016-01-12,"5,36"
2016-01-13,"5,48"
2016-01-14,"5,4"
2016-01-15,"5,16"
2016-01-18,"4,96"
2016-01-19,"5,12"
2016-01-20,"4,84"
2016-01-21,"4,76"
2016-01-22,"4,96"
2016-01-25,"5,12"
2016-01-26,"5,16"
2016-01-27,"5,2"
2016-01-28,"5,36"
2016-01-29,"5,32"
2016-02-01,"5,4"
2016-02-02,"5,4"
2016-02-03,"5,24"
2016-02-04,"5,28"
2016-02-05,"5,24"
2016-02-08,"5,16"
2016-02-09,"5,16"
2016-02-10,"5,24"
2016-02-11,"5,16"
2016-02-12,"5,24"
2016-02-15,"5,32"
2016-02-16,"5,36"
2016-02-17,"5,6"
2016-02-18,"5,44"
2016-02-19,"5,32"
2016-02-22,"5,24"
2016-02-23,"5,2"
2016-02-24,"5,2"
2016-02-25,"5,2"
2016-02-26,"5,32"
2016-02-29,"5,16"
2016-03-01,"5,2"
2016-03-02,"5,24"
2016-03-03,"5,44"
2016-03-04,"5,24"
2016-03-07,"5,24"
2016-03-08,"5,16"
2016-03-09,"5,2"
2016-03-10,"5,2"
2016-03-11,"5,2"
2016-03-14,"5,2"
2016-03-15,"5,24"
2016-03-16,"5,2"
2016-03-17,"5,16"
2016-03-18,5
2016-03-21,"5,08"
2016-03-22,"5,08"
2016-03-23,"5,04"
2016-03-24,"5,08"
2016-03-29,5
2016-03-30,"5,04"
2016-03-31,"5,12"
2016-04-01,5
2016-04-04,5
2016-04-05,5
2016-04-06,"4,96"
2016-04-07,"4,88"
2016-04-08,"4,88"
2016-04-11,"4,88"
2016-04-12,"4,8"
2016-04-13,"4,8"
2016-04-14,"4,92"
2016-04-15,"4,96"
2016-04-18,"4,88"
2016-04-19,"4,84"
2016-04-20,"4,76"
2016-04-21,"4,76"
2016-04-22,"4,68"
2016-04-25,"4,64"
2016-04-26,"4,52"
2016-04-27,"4,44"
2016-04-28,"4,48"
2016-04-29,"4,56"
2016-05-02,"4,48"
2016-05-04,"4,44"
2016-05-05,"4,24"
2016-05-06,"4,32"
2016-05-09,"4,32"
2016-05-10,"4,08"
2016-05-11,"4,16"
2016-05-12,"4,04"
2016-05-13,"4,08"
2016-05-16,"4,32"
2016-05-17,"4,44"
2016-05-18,"4,44"
2016-05-19,"4,24"
2016-05-20,"4,2"
2016-05-23,"4,2"
2016-05-24,"4,28"
2016-05-25,"4,28"
2016-05-27,"4,24"
2016-05-30,"4,28"
2016-05-31,"4,08"
2016-06-01,"4,08"
2016-06-02,"4,08"
2016-06-03,"4,08"
2016-06-06,"4,2"
2016-06-07,"4,16"
2016-06-08,"4,12"
2016-06-09,"4,12"
2016-06-10,"4,04"
2016-06-13,"4,04"
2016-06-14,"3,96"
2016-06-15,"3,76"
2016-06-16,"3,56"
2016-06-17,"3,6"
2016-06-20,"3,6"
2016-06-21,"3,48"
2016-06-22,"3,44"
2016-06-23,"3,64"
2016-06-24,"3,36"
2016-06-27,"3,36"
2016-06-28,"3,4"
2016-06-29,"3,36"
2016-06-30,"3,4"
2016-07-01,"3,44"
2016-07-04,"3,4"
2016-07-05,"3,32"
2016-07-06,"3,2"
2016-07-07,"3,24"
2016-07-08,"3,24"
2016-07-11,"3,24"
2016-07-12,"3,28"
2016-07-13,"3,24"
2016-07-14,"3,24"
2016-07-15,"3,32"
2016-07-18,"3,28"
2016-07-19,"3,32"
2016-07-20,"3,32"
2016-07-21,"3,28"
2016-07-22,"3,32"
2016-07-25,"3,28"
2016-07-26,"3,32"
2016-07-27,"3,32"
2016-07-28,"3,28"
2016-07-29,"3,32"
2016-08-01,"3,28"
2016-08-02,"3,68"
2016-08-03,"3,52"
2016-08-04,"3,56"
2016-08-05,"3,6"
2016-08-08,"3,68"
2016-08-09,"3,6"
2016-08-10,"3,52"
2016-08-11,"3,56"
2016-08-12,"3,84"
2016-08-16,"4,16"
2016-08-17,"4,12"
2016-08-18,4
2016-08-19,4
2016-08-22,4
2016-08-23,"3,96"
2016-08-24,"3,92"
2016-08-25,"3,88"
2016-08-26,"3,88"
2016-08-29,"3,92"
2016-08-30,"3,88"
2016-08-31,"3,88"
2016-09-01,"3,84"
2016-09-02,"3,92"
2016-09-05,"3,96"
2016-09-06,"4,12"
2016-09-07,"4,4"
2016-09-08,"4,36"
2016-09-09,"4,24"
2016-09-12,"4,2"
2016-09-13,"4,36"
2016-09-14,"4,44"
2016-09-15,"4,68"
2016-09-16,"4,64"
2016-09-19,"4,56"
2016-09-20,"4,44"
2016-09-21,"4,48"
2016-09-22,"4,56"
2016-09-23,"4,48"
2016-09-26,"4,36"
2016-09-27,"4,28"
2016-09-28,"4,12"
2016-09-29,"4,04"
2016-09-30,"3,96"
2016-10-03,"4,04"
2016-10-04,"4,16"
2016-10-05,"4,12"
2016-10-06,"4,12"
2016-10-07,"4,2"
2016-10-10,"4,24"
2016-10-11,"4,32"
2016-10-12,"4,28"
2016-10-13,"4,16"
2016-10-14,"4,2"
2016-10-17,"4,16"
2016-10-18,"4,2"
2016-10-19,"4,08"
2016-10-20,"4,08"
2016-10-21,"4,24"
2016-10-24,"4,24"
2016-10-25,"4,24"
2016-10-26,"4,16"
2016-10-27,"4,32"
2016-10-28,"4,48"
2016-10-31,"4,6"
2016-11-02,"4,36"
2016-11-03,"4,2"
2016-11-04,"4,24"
2016-11-07,"4,24"
2016-11-08,"4,32"
2016-11-09,"4,32"
2016-11-10,"4,44"
2016-11-14,"4,44"
2016-11-15,"4,32"
2016-11-16,"4,16"
2016-11-17,"4,16"
2016-11-18,"3,92"
2016-11-21,"3,84"
2016-11-22,"3,92"
2016-11-23,4
2016-11-24,"4,04"
2016-11-25,"4,04"
2016-11-28,"3,88"
2016-11-29,"3,72"
2016-11-30,"3,6"
2016-12-01,"3,68"
2016-12-02,"3,72"
2016-12-05,"3,8"
2016-12-06,"3,84"
2016-12-07,"3,84"
2016-12-08,"3,8"
2016-12-09,"3,84"
2016-12-12,"3,84"
2016-12-13,4
2016-12-14,"4,12"
2016-12-15,"4,04"
2016-12-16,"4,08"
2016-12-19,"4,2"
2016-12-20,"4,2"
2016-12-21,"4,2"
2016-12-22,"4,16"
2016-12-23,"4,08"
2016-12-27,"4,12"
2016-12-28,"4,12"
2016-12-29,"4,16"
2016-12-30,"4,16"
2017-01-02,"4,2"
2017-01-03,"4,6"
2017-01-04,"4,76"
2017-01-05,"4,88"
2017-01-09,"4,84"
2017-01-10,"4,72"
2017-01-11,"4,68"
2017-01-12,"4,64"
2017-01-13,"4,56"
2017-01-16,"4,52"
2017-01-17,"4,72"
2017-01-18,"4,68"
2017-01-19,"4,72"
2017-01-20,"4,84"
2017-01-23,"4,72"
2017-01-24,"4,72"
2017-01-25,"5,36"
2017-01-26,"5,6"
2017-01-27,"5,68"
2017-01-30,"5,52"
2017-01-31,"5,64"
2017-02-01,"5,72"
2017-02-02,"5,64"
2017-02-03,"5,6"
2017-02-06,"6,08"
2017-02-07,6
2017-02-08,"6,04"
2017-02-09,"6,16"
2017-02-10,"6,52"
2017-02-13,"6,6"
2017-02-14,"6,6"
2017-02-15,"6,48"
2017-02-16,"6,32"
2017-02-17,"6,08"
2017-02-20,"6,4"
2017-02-21,"6,4"
2017-02-22,"6,32"
2017-02-23,"6,28"
2017-02-24,"6,12"
2017-02-27,"6,12"
2017-02-28,"5,96"
2017-03-01,"6,12"
2017-03-02,"6,24"
2017-03-03,"6,12"
2017-03-06,6
2017-03-07,"5,92"
2017-03-08,"5,88"
2017-03-09,"5,88"
2017-03-10,"5,92"
2017-03-13,6
2017-03-14,"6,04"
2017-03-15,"5,96"
2017-03-16,"5,92"
2017-03-17,6
2017-03-20,"5,88"
2017-03-21,"5,84"
2017-03-22,"5,68"
2017-03-23,"5,8"
2017-03-24,"5,88"
2017-03-27,"5,96"
2017-03-28,"5,96"
2017-03-29,"5,84"
2017-03-30,"5,72"
2017-03-31,"5,76"
2017-04-03,"5,76"
2017-04-04,"5,8"
2017-04-05,"5,68"
2017-04-06,"5,64"
2017-04-07,"5,64"
2017-04-10,"5,72"
2017-04-11,"5,56"
2017-04-12,"5,52"
2017-04-13,"5,6"
2017-04-18,"5,36"
2017-04-19,"5,44"
2017-04-20,"5,36"
2017-04-21,"5,28"
2017-04-24,"5,24"
2017-04-25,"5,2"
2017-04-26,"5,28"
2017-04-27,"5,24"
2017-04-28,"5,28"
2017-05-02,"5,36"
2017-05-04,"5,36"
2017-05-05,"5,36"
2017-05-08,"5,28"
2017-05-09,"5,32"
2017-05-10,"5,28"
2017-05-11,"5,2"
2017-05-12,"5,2"
2017-05-15,"5,16"
2017-05-16,"4,88"
2017-05-17,"4,88"
2017-05-18,"4,92"
2017-05-19,"4,88"
2017-05-22,"4,84"
2017-05-23,"4,76"
2017-05-24,"4,84"
2017-05-25,"5,28"
2017-05-26,"5,2"
2017-05-29,"5,56"
2017-05-30,"5,6"
2017-05-31,"5,56"
2017-06-01,"5,4"
2017-06-02,"5,36"
2017-06-05,"5,2"
2017-06-06,"5,24"
2017-06-07,"5,16"
2017-06-08,"5,2"
2017-06-09,"5,28"
2017-06-12,"5,36"
2017-06-13,"5,32"
2017-06-14,"5,32"
2017-06-16,"5,48"
2017-06-19,"5,44"
2017-06-20,"5,4"
2017-06-21,"5,4"
2017-06-22,"5,32"
2017-06-23,"5,32"
2017-06-26,"5,32"
2017-06-27,"5,28"
2017-06-28,"5,28"
2017-06-29,"5,32"
2017-06-30,"5,32"
2017-07-03,"5,32"
2017-07-04,"5,36"
2017-07-05,"5,36"
2017-07-06,"5,36"
2017-07-07,"5,32"
2017-07-10,"5,32"
2017-07-11,"5,36"
2017-07-12,"5,4"
2017-07-13,"5,52"
2017-07-14,"5,36"
2017-07-17,"5,36"
2017-07-18,"5,36"
2017-07-19,"5,36"
2017-07-20,"5,32"
2017-07-21,"5,36"
2017-07-24,"5,32"
2017-07-25,"5,28"
2017-07-26,"5,44"
2017-07-27,"5,4"
2017-07-28,"5,32"
2017-07-31,"5,32"
2017-08-01,"5,4"
2017-08-02,"5,44"
2017-08-03,"5,4"
2017-08-04,"5,36"
2017-08-07,"5,36"
2017-08-08,"5,44"
2017-08-09,"5,52"
2017-08-10,"5,48"
2017-08-11,"5,6"
2017-08-14,"5,64"
2017-08-16,"5,76"
2017-08-17,"5,88"
2017-08-18,"5,84"
2017-08-21,"5,96"
2017-08-22,"6,24"
2017-08-23,"6,32"
2017-08-24,"6,52"
2017-08-25,"6,56"
2017-08-28,"6,6"
2017-08-29,"6,6"
2017-08-30,"6,68"
2017-08-31,"6,72"
2017-09-01,"6,76"
2017-09-04,"6,84"
2017-09-05,"6,84"
2017-09-06,"6,84"
2017-09-07,"6,84"
2017-09-08,"6,64"
2017-09-11,"6,6"
2017-09-12,"6,56"
2017-09-13,"6,52"
2017-09-14,"6,6"
2017-09-15,"6,88"
2017-09-18,"6,96"
2017-09-19,"6,84"
2017-09-20,"6,92"
2017-09-21,"6,92"
2017-09-22,"6,96"
2017-09-25,"6,88"
2017-09-26,"6,84"
2017-09-27,"6,84"
2017-09-28,"6,88"
2017-09-29,"6,8"
2017-10-02,"6,6"
2017-10-03,"6,64"
2017-10-04,"6,6"
2017-10-05,"6,56"
2017-10-06,"6,2"
2017-10-09,6
2017-10-10,"6,04"
2017-10-11,"6,4"
2017-10-12,"6,28"
2017-10-13,"6,2"
2017-10-16,"6,08"
2017-10-17,6
2017-10-18,"6,04"
2017-10-19,"6,04"
2017-10-20,"5,96"
2017-10-23,"5,96"
2017-10-24,"6,08"
2017-10-25,"6,16"
2017-10-26,"6,16"
2017-10-27,"6,16"
2017-10-30,"6,36"
2017-10-31,"6,44"
2017-11-02,"6,2"
2017-11-03,"6,16"
2017-11-06,"6,24"
2017-11-07,"6,32"
2017-11-08,"6,2"
2017-11-09,6
2017-11-10,6
2017-11-13,"6,08"
2017-11-14,"6,16"
2017-11-15,"6,12"
2017-11-16,"6,08"
2017-11-17,"6,16"
2017-11-20,"6,28"
2017-11-21,"6,36"
2017-11-22,"6,16"
2017-11-23,"6,32"
2017-11-24,"6,36"
2017-11-27,"6,4"
2017-11-28,"6,36"
2017-11-29,"6,36"
2017-11-30,"6,24"
2017-12-01,"6,04"
2017-12-04,"6,04"
2017-12-05,"6,2"
2017-12-06,"6,2"
2017-12-07,"6,12"
2017-12-08,"6,16"
2017-12-11,"6,08"
2017-12-12,"6,12"
2017-12-13,"6,32"
2017-12-14,"6,16"
2017-12-15,"6,08"
2017-12-18,"6,12"
2017-12-19,"5,8"
2017-12-20,"5,52"
2017-12-21,"5,48"
2017-12-22,"5,56"
2017-12-27,"5,52"
2017-12-28,"5,56"
2017-12-29,"5,52"
2018-01-03,"5,8"
2018-01-04,"5,92"
2018-01-05,"5,84"
2018-01-08,"5,8"
2018-01-09,"5,92"
2018-01-10,"5,84"
2018-01-11,"5,88"
2018-01-12,"5,84"
2018-01-15,"5,92"
2018-01-16,"6,12"
2018-01-17,"6,04"
2018-01-18,"6,08"
2018-01-19,"6,16"
2018-01-22,"6,16"
2018-01-23,"6,12"
2018-01-24,"5,92"
2018-01-25,"5,84"
2018-01-26,"5,96"
2018-01-29,6
2018-01-30,6
2018-01-31,"5,96"
2018-02-01,6
2018-02-02,"5,84"
2018-02-05,"5,76"
2018-02-06,"5,52"
2018-02-07,"5,56"
2018-02-08,"5,52"
2018-02-09,"5,36"
2018-02-12,"5,4"
2018-02-13,"5,44"
2018-02-14,"5,44"
2018-02-15,"5,4"
2018-02-16,"5,36"
2018-02-19,"5,36"
2018-02-20,"5,28"
2018-02-21,"5,08"
2018-02-22,"4,96"
2018-02-23,"4,92"
2018-02-26,"4,76"
2018-02-27,"4,84"
2018-02-28,"4,8"
2018-03-01,"4,76"
2018-03-02,"4,76"
2018-03-05,"4,8"
2018-03-06,"4,76"
2018-03-07,"4,68"
2018-03-08,"4,68"
2018-03-09,"4,6"
2018-03-12,"4,6"
2018-03-13,"4,72"
2018-03-14,"4,68"
2018-03-15,"4,64"
2018-03-16,"4,48"
2018-03-19,"4,32"
2018-03-20,"4,28"
2018-03-21,"4,36"
2018-03-22,"4,64"
2018-03-23,"4,6"
2018-03-26,"4,56"
2018-03-27,"4,56"
2018-03-28,"4,52"
2018-03-29,"4,6"
2018-04-03,"4,56"
2018-04-04,"4,52"
2018-04-05,"4,52"
2018-04-06,"4,52"
2018-04-09,"4,56"
2018-04-10,"4,44"
2018-04-11,"4,4"
2018-04-12,"4,36"
2018-04-13,"4,44"
2018-04-16,"4,32"
2018-04-17,"4,2"
2018-04-18,"4,2"
2018-04-19,"3,96"
2018-04-20,"3,88"
2018-04-23,"3,72"
2018-04-24,"3,68"
2018-04-25,"3,56"
2018-04-26,"3,4"
2018-04-27,"3,72"
2018-04-30,"3,8"
2018-05-02,"3,72"
2018-05-04,"3,72"
2018-05-07,"3,52"
2018-05-08,"3,36"
2018-05-09,"3,48"
2018-05-10,"3,48"
2018-05-11,"3,48"
2018-05-14,"3,36"
2018-05-15,"3,32"
2018-05-16,"3,16"
2018-05-17,"3,12"
2018-05-18,"3,2"
2018-05-21,"3,16"
2018-05-22,"3,04"
2018-05-23,"2,84"
2018-05-24,"2,68"
2018-05-25,"2,8"
2018-05-28,"3,08"
2018-05-29,"2,76"
2018-05-30,"2,64"
2018-06-01,"2,6"
2018-06-04,"2,56"
2018-06-05,"2,6"
2018-06-06,"2,6"
2018-06-07,"2,52"
2018-06-08,"2,6"
2018-06-11,"2,6"
2018-06-12,"2,68"
2018-06-13,"2,72"
2018-06-14,"2,68"
2018-06-15,"2,6"
2018-06-18,"2,56"
2018-06-19,"2,56"
2018-06-20,"2,52"
2018-06-21,"2,52"
2018-06-22,"2,44"
2018-06-25,"2,32"
2018-06-26,"2,2"
2018-06-27,"2,2"
2018-06-28,"2,2"
2018-06-29,"2,2"
2018-07-02,"2,2"
2018-07-03,"2,2"
2018-07-04,"2,12"
2018-07-05,"2,16"
2018-07-06,"2,16"
2018-07-09,"2,08"
2018-07-10,"2,16"
2018-07-11,"2,08"
2018-07-12,"2,12"
2018-07-13,"2,12"
2018-07-16,"2,24"
2018-07-17,"2,28"
2018-07-18,"2,44"
2018-07-19,"2,36"
2018-07-20,"2,28"
2018-07-23,"2,32"
2018-07-24,"2,28"
2018-07-25,"2,2"
2018-07-26,"2,2"
2018-07-27,"2,2"
2018-07-30,"2,32"
2018-07-31,"2,32"
2018-08-01,"2,36"
2018-08-02,"2,32"
2018-08-03,"2,28"
2018-08-06,"2,32"
2018-08-07,"2,28"
2018-08-08,"2,24"
2018-08-09,"2,16"
2018-08-10,"2,16"
2018-08-13,"2,12"
2018-08-14,"2,08"
2018-08-16,"2,08"
2018-08-17,"2,08"
2018-08-20,"1,6"
2018-08-21,"1,64"
2018-08-22,"1,52"
2018-08-23,"1,48"
2018-08-24,"1,48"
2018-08-27,"1,52"
2018-08-28,"1,36"
2018-08-29,"1,16"
2018-08-30,"1,12"
2018-08-31,1
2018-09-03,"0,96"
2018-09-04,"0,96"
2018-09-05,"0,84"
2018-09-06,"0,88"
2018-09-07,"0,76"
2018-09-10,"0,8"
2018-09-11,"0,88"
2018-09-12,"0,84"
2018-09-13,"0,92"
2018-09-14,"1,08"
2018-09-17,"1,04"
2018-09-18,"0,92"
2018-09-19,"0,92"
2018-09-20,"0,92"
2018-09-21,"1,04"
2018-09-24,"1,24"
2018-09-25,"1,16"
2018-09-26,"1,16"
2018-09-27,"1,04"
2018-09-28,"1,08"
2018-10-01,"1,12"
2018-10-02,"1,04"
2018-10-03,"0,96"
2018-10-04,"1,04"
2018-10-05,1
2018-10-08,"1,04"
2018-10-09,"0,96"
2018-10-10,"0,96"
2018-10-11,"0,92"
2018-10-12,"0,92"
2018-10-15,"0,92"
2018-10-16,"0,96"
2018-10-17,1
2018-10-18,"1,04"
2018-10-19,1
2018-10-22,1
2018-10-23,1
2018-10-24,1
2018-10-25,1
2018-10-26,1
2018-10-29,1
2018-10-30,1
2018-10-31,1
2018-11-02,"0,92"
2018-11-05,"0,88"
2018-11-06,"0,88"
2018-11-07,"0,88"
2018-11-08,"0,84"
2018-11-09,"0,84"
2018-11-13,"0,76"
2018-11-14,"0,64"
2018-11-15,"0,64"
2018-11-16,"0,56"
2018-11-19,"0,48"
2018-11-20,"0,4"
2018-11-21,"0,48"
2018-11-22,"0,68"
2018-11-23,"0,68"
2018-11-26,"0,6"
2018-11-27,"0,6"
2018-11-28,"0,64"
2018-11-29,"0,64"
2018-11-30,"0,64"
2018-12-03,"0,64"
2018-12-04,"0,6"
2018-12-05,"0,6"
2018-12-06,"0,56"
2018-12-07,"0,6"
2018-12-10,"0,56"
2018-12-11,"0,56"
2018-12-12,"0,6"
2018-12-13,"0,56"
2018-12-14,"0,64"
2018-12-17,"0,6"
2018-12-18,"0,64"
2018-12-19,"0,64"
2018-12-20,"0,64"
2018-12-21,"0,64"
2018-12-27,"0,68"
2018-12-28,"0,68"
2019-01-02,"0,37"
2019-01-03,"0,36"
2019-01-04,"0,36"
2019-01-07,"0,36"
2019-01-08,"0,36"
2019-01-09,"0,37"
2019-01-10,"0,37"
2019-01-11,"0,37"
2019-01-14,"0,37"
2019-01-15,"0,36"
2019-01-16,"0,35"
2019-01-17,"0,38"
2019-01-18,"0,43"
2019-01-21,"0,42"
2019-01-22,"0,4"
2019-01-23,"0,38"
2019-01-24,"0,38"
2019-01-25,"0,4"
2019-01-28,"0,42"
2019-01-29,"0,5"
2019-01-30,"0,48"
2019-01-31,"0,46"
2019-02-01,"0,48"
2019-02-04,"0,53"
2019-02-05,"0,5"
2019-02-06,"0,52"
2019-02-07,"0,56"
2019-02-08,"0,71"
2019-02-11,"0,65"
2019-02-12,"0,63"
2019-02-13,"0,65"
2019-02-14,"0,6"
2019-02-15,"0,58"
2019-02-18,"0,55"
2019-02-19,"0,58"
2019-02-20,"0,57"
2019-02-21,"0,57"
2019-02-22,"0,56"
2019-02-25,"0,56"
2019-02-26,"0,54"
2019-02-27,"0,51"
2019-02-28,"0,53"
2019-03-01,"0,51"
2019-03-04,"0,512"
2019-03-05,"0,512"
2019-03-06,"0,531"
2019-03-07,"0,54"
2019-03-08,"0,538"
2019-03-11,"0,52"
2019-03-12,"0,521"
2019-03-13,"0,53"
2019-03-14,"0,532"
2019-03-15,"0,55"
2019-03-18,"0,62"
2019-03-19,"0,653"
2019-03-20,"0,61"
2019-03-21,"0,65"
2019-03-22,"0,669"
2019-03-25,"0,68"
2019-03-26,"0,7"
2019-03-27,"0,7"
2019-03-28,"0,729"
2019-03-29,"0,74"
2019-04-01,"0,693"
2019-04-02,"0,74"
2019-04-03,"0,71"
2019-04-04,"0,699"
2019-04-05,"0,688"
2019-04-08,"0,658"
2019-04-09,"0,648"
2019-04-10,"0,697"
2019-04-11,"0,679"
2019-04-12,"0,66"
2019-04-15,"0,658"
2019-04-16,"0,667"
2019-04-17,"0,662"
2019-04-18,"0,65"
2019-04-23,"0,618"
2019-04-24,"0,604"
2019-04-25,"0,585"
2019-04-26,"0,619"
2019-04-29,"0,622"
2019-04-30,"0,4815"
2019-05-02,"0,42"
2019-05-06,"0,47"
2019-05-07,"0,4405"
2019-05-08,"0,469"
2019-05-09,"0,472"
2019-05-10,"0,473"
2019-05-13,"0,486"
2019-05-14,"0,52"
2019-05-15,"0,514"
2019-05-16,"0,493"
2019-05-17,"0,5"
2019-05-20,"0,4955"
2019-05-21,"0,4995"
2019-05-22,"0,509"
2019-05-23,"0,503"
2019-05-24,"0,492"
2019-05-27,"0,499"
2019-05-28,"0,537"
2019-05-29,"0,518"
2019-05-30,"0,512"
2019-05-31,"0,52"
2019-06-03,"0,505"
2019-06-04,"0,504"
2019-06-05,"0,4955"
2019-06-06,"0,501"
2019-06-07,"0,503"
2019-06-10,"0,501"
2019-06-11,"0,5"
2019-06-12,"0,499"
2019-06-13,"0,5"
2019-06-14,"0,505"
2019-06-17,"0,584"
2019-06-18,"0,555"
2019-06-19,"0,558"
2019-06-21,"0,574"
2019-06-24,"0,565"
2019-06-25,"0,559"
2019-06-26,"0,562"
2019-06-27,"0,569"
2019-06-28,"0,56"
2019-07-01,"0,557"
2019-07-02,"0,557"
2019-07-03,"0,552"
2019-07-04,"0,558"
2019-07-05,"0,555"
2019-07-08,"0,554"
2019-07-09,"0,551"
2019-07-10,"0,556"
2019-07-11,"0,525"
2019-07-12,"0,505"
2019-07-15,"0,493"
2019-07-16,"0,5"
2019-07-17,"0,495"
2019-07-18,"0,495"
2019-07-19,"0,495"
2019-07-22,"0,498"
2019-07-23,"0,494"
2019-07-24,"0,4895"
2019-07-25,"0,4895"
2019-07-26,"0,485"
2019-07-29,"0,482"
2019-07-30,"0,471"
2019-07-31,"0,4485"
2019-08-01,"0,4565"
2019-08-02,"0,4485"
2019-08-05,"0,4195"
2019-08-06,"0,404"
2019-08-07,"0,405"
2019-08-08,"0,419"
2019-08-09,"0,42"
2019-08-12,"0,416"
2019-08-13,"0,42"
2019-08-14,"0,4235"
2019-08-16,"0,4235"
2019-08-19,"0,38"
2019-08-20,"0,373"
2019-08-21,"0,415"
2019-08-22,"0,404"
2019-08-23,"0,407"
2019-08-26,"0,408"
2019-08-27,"0,406"
2019-08-28,"0,3835"
2019-08-29,"0,375"
2019-08-30,"0,375"
2019-09-02,"0,3745"
2019-09-03,"0,363"
2019-09-04,"0,354"
2019-09-05,"0,34"
2019-09-06,"0,3315"
2019-09-09,"0,395"
2019-09-10,"0,353"
2019-09-11,"0,332"
2019-09-12,"0,34"
2019-09-13,"0,3395"
2019-09-16,"0,338"
2019-09-17,"0,408"
2019-09-18,"0,4935"
2019-09-19,"0,466"
2019-09-20,"0,4005"
2019-09-23,"0,365"
2019-09-24,"0,35"
2019-09-25,"0,3355"
2019-09-26,"0,348"
2019-09-27,"0,325"
2019-09-30,"0,305"
2019-10-01,"0,31"
2019-10-02,"0,3095"
2019-10-03,"0,35"
2019-10-04,"0,33"
2019-10-07,"0,33"
2019-10-08,"0,32"
2019-10-09,"0,3205"
2019-10-10,"0,315"
2019-10-11,"0,31"
2019-10-14,"0,3055"
2019-10-15,"0,3005"
2019-10-16,"0,305"
2019-10-17,"0,3"
2019-10-18,"0,291"
2019-10-21,"0,292"
2019-10-22,"0,31"
2019-10-23,"0,305"
2019-10-24,"0,31"
2019-10-25,"0,31"
2019-10-28,"0,3"
2019-10-29,"0,3"
2019-10-30,"0,3"
2019-10-31,"0,298"
2019-11-04,"0,3"
2019-11-05,"0,299"
2019-11-06,"0,292"
2019-11-07,"0,295"
2019-11-08,"0,3"
2019-11-12,"0,2995"
2019-11-13,"0,3"
2019-11-14,"0,31"
2019-11-15,"0,3095"
2019-11-18,"0,315"
2019-11-19,"0,341"
2019-11-20,"0,352"
2019-11-21,"0,3155"
2019-11-22,"0,3"
2019-11-25,"0,3085"
2019-11-26,"0,31"
2019-11-27,"0,305"
2019-11-28,"0,308"
2019-11-29,"0,305"
2019-12-02,"0,307"
2019-12-03,"0,307"
2019-12-04,"0,31"
2019-12-05,"0,3095"
2019-12-06,"0,304"
2019-12-09,"0,309"
2019-12-10,"0,302"
2019-12-11,"0,3"
2019-12-12,"0,3"
2019-12-13,"0,296"
2019-12-16,"0,3"
2019-12-17,"0,3085"
2019-12-18,"0,298"
2019-12-19,"0,298"
2019-12-20,"0,298"
2019-12-23,"0,298"
2019-12-27,"0,3"
2019-12-30,"0,3"
