2014-01-02,"37,036"
2014-01-03,"36,494"
2014-01-07,"36,134"
2014-01-08,"36,048"
2014-01-09,"35,533"
2014-01-10,"36,22"
2014-01-13,"36,52"
2014-01-14,"36,279"
2014-01-15,"36,22"
2014-01-16,"36,537"
2014-01-17,"36,134"
2014-01-20,"35,173"
2014-01-21,"35,147"
2014-01-22,"34,727"
2014-01-23,"34,331"
2014-01-24,"33,456"
2014-01-27,"32,598"
2014-01-28,"33,045"
2014-01-29,"32,788"
2014-01-30,"33,13"
2014-01-31,"33,294"
2014-02-03,"33,302"
2014-02-04,"33,002"
2014-02-05,"32,529"
2014-02-06,"34,151"
2014-02-07,"35,026"
2014-02-10,"35,406"
2014-02-11,"36,22"
2014-02-12,"35,973"
2014-02-13,"35,567"
2014-02-14,"34,941"
2014-02-17,"35,576"
2014-02-18,"35,928"
2014-02-19,"36,099"
2014-02-20,"35,876"
2014-02-21,"37,036"
2014-02-24,"37,508"
2014-02-25,"37,164"
2014-02-26,"35,928"
2014-02-27,"35,791"
2014-02-28,"37,508"
2014-03-03,"34,331"
2014-03-04,"35,191"
2014-03-05,"35,491"
2014-03-06,"35,328"
2014-03-07,"34,941"
2014-03-10,"33,972"
2014-03-11,"34,401"
2014-03-12,"34,82"
2014-03-13,"34,418"
2014-03-14,"34,804"
2014-03-17,"36,324"
2014-03-18,"35,464"
2014-03-19,"35,191"
2014-03-20,"34,933"
2014-03-21,"34,649"
2014-03-24,"34,839"
2014-03-25,"35,079"
2014-03-26,"36,134"
2014-03-27,"35,773"
2014-03-28,"36,124"
2014-03-31,"37,096"
2014-04-01,"36,735"
2014-04-02,"36,983"
2014-04-03,"36,717"
2014-04-04,"37,25"
2014-04-07,"36,923"
2014-04-08,"37,268"
2014-04-09,"36,906"
2014-04-10,"38,195"
2014-04-11,"38,195"
2014-04-14,"38,022"
2014-04-15,"37,036"
2014-04-16,"36,923"
2014-04-17,"37,38"
2014-04-22,"37,842"
2014-04-23,"38,493"
2014-04-24,"39,138"
2014-04-25,"38,709"
2014-04-28,"39,018"
2014-04-29,"39,482"
2014-04-30,"38,88"
2014-05-02,"38,839"
2014-05-05,"38,099"
2014-05-06,"37,979"
2014-05-07,"37,336"
2014-05-08,"37,336"
2014-05-09,"36,752"
2014-05-12,"37,979"
2014-05-13,"37,971"
2014-05-14,"38,272"
2014-05-15,"37,336"
2014-05-16,"37,945"
2014-05-19,"38,022"
2014-05-20,"37,876"
2014-05-21,"37,121"
2014-05-22,"38,356"
2014-05-23,"38,306"
2014-05-26,"38,649"
2014-05-27,"37,962"
2014-05-28,"37,525"
2014-05-29,"36,735"
2014-05-30,"36,202"
2014-06-02,"36,366"
2014-06-03,"35,92"
2014-06-04,"36,022"
2014-06-05,"36,838"
2014-06-06,"36,906"
2014-06-09,"36,65"
2014-06-10,"36,838"
2014-06-11,"36,906"
2014-06-12,"36,409"
2014-06-13,"36,259"
2014-06-16,"35,975"
2014-06-17,"36,587"
2014-06-18,"36,942"
2014-06-20,"36,543"
2014-06-23,"36,996"
2014-06-24,"37,465"
2014-06-25,"37,252"
2014-06-26,"36,302"
2014-06-27,"36,365"
2014-06-30,"36,409"
2014-07-01,"36,302"
2014-07-02,"35,433"
2014-07-03,"35,433"
2014-07-04,"35,699"
2014-07-07,"36,409"
2014-07-08,"37,04"
2014-07-09,"36,693"
2014-07-10,"36,046"
2014-07-11,"37,111"
2014-07-14,"37,298"
2014-07-15,"37,43"
2014-07-16,"38,052"
2014-07-17,"37,91"
2014-07-18,"37,91"
2014-07-21,"37,981"
2014-07-22,"38,256"
2014-07-23,"36,036"
2014-07-24,"35,477"
2014-07-25,"34,527"
2014-07-28,"34,26"
2014-07-29,"34,812"
2014-07-30,"34,144"
2014-07-31,"32,858"
2014-08-01,"32,751"
2014-08-04,"32,858"
2014-08-05,"33,47"
2014-08-06,"34,048"
2014-08-07,"33,479"
2014-08-08,"33,302"
2014-08-11,"34,278"
2014-08-12,"34,376"
2014-08-13,"34,634"
2014-08-14,"34,625"
2014-08-18,"34,855"
2014-08-19,"34,722"
2014-08-20,"35,167"
2014-08-21,"35,148"
2014-08-22,"34,944"
2014-08-25,"35,407"
2014-08-26,"36,143"
2014-08-27,"36,321"
2014-08-28,"35,264"
2014-08-29,"35,015"
2014-09-01,"35,565"
2014-09-02,"35,486"
2014-09-03,"36,738"
2014-09-04,"35,832"
2014-09-05,"36,152"
2014-09-08,"36,809"
2014-09-09,"36,756"
2014-09-10,"36,791"
2014-09-11,"36,098"
2014-09-12,"36,124"
2014-09-15,"35,903"
2014-09-16,"36,614"
2014-09-17,"36,657"
2014-09-18,"37,565"
2014-09-19,"38,718"
2014-09-22,"38,186"
2014-09-23,"37,351"
2014-09-24,"37,075"
2014-09-25,"36,969"
2014-09-26,"36,933"
2014-09-29,"36,738"
2014-09-30,"36,631"
2014-10-01,"36,117"
2014-10-02,"36,409"
2014-10-03,"36,604"
2014-10-06,"36,942"
2014-10-07,"36,729"
2014-10-08,"36,445"
2014-10-09,"37,733"
2014-10-10,"36,827"
2014-10-13,"37,245"
2014-10-14,"37,43"
2014-10-15,"37,288"
2014-10-16,"36,951"
2014-10-17,"36,977"
2014-10-20,"36,498"
2014-10-21,"36,854"
2014-10-22,"37,271"
2014-10-23,"37,351"
2014-10-24,"36,96"
2014-10-27,"36,977"
2014-10-28,"37,298"
2014-10-29,"36,933"
2014-10-30,"37,031"
2014-10-31,"37,235"
2014-11-03,"37,298"
2014-11-04,"37,288"
2014-11-05,"37,652"
2014-11-06,"37,821"
2014-11-07,"38,097"
2014-11-10,"38,958"
2014-11-12,"39,429"
2014-11-13,"39,962"
2014-11-14,"40,36"
2014-11-17,"39,793"
2014-11-18,"40,042"
2014-11-19,"39,758"
2014-11-20,"39,403"
2014-11-21,"40,538"
2014-11-24,"39,383"
2014-11-25,"38,807"
2014-11-26,"39,962"
2014-11-27,"40,12"
2014-11-28,"40,112"
2014-12-01,"40,494"
2014-12-02,"41,862"
2014-12-03,"42,137"
2014-12-04,"42,652"
2014-12-05,"43,558"
2014-12-08,"43,958"
2014-12-09,"42,688"
2014-12-10,"42,004"
2014-12-11,"42,98"
2014-12-12,"43,06"
2014-12-15,"42,625"
2014-12-16,"41,195"
2014-12-17,"41,889"
2014-12-18,"43,425"
2014-12-19,"43,336"
2014-12-22,"43,514"
2014-12-23,"43,07"
2014-12-29,"43,07"
2014-12-30,"43,442"
2015-01-02,"43,114"
2015-01-05,"42,404"
2015-01-07,"44,349"
2015-01-08,"45,556"
2015-01-09,"45,529"
2015-01-12,"45,69"
2015-01-13,"46,134"
2015-01-14,"45,467"
2015-01-15,"43,842"
2015-01-16,"44,811"
2015-01-19,"44,74"
2015-01-20,"45,29"
2015-01-21,"47,066"
2015-01-22,"46,809"
2015-01-23,"47,341"
2015-01-26,"46,533"
2015-01-27,"47,91"
2015-01-28,"46,879"
2015-01-29,"49,019"
2015-01-30,"48,709"
2015-02-02,"46,879"
2015-02-03,"48,398"
2015-02-04,"48,78"
2015-02-05,"48,308"
2015-02-06,"49,189"
2015-02-09,"48,841"
2015-02-10,"48,877"
2015-02-11,"48,238"
2015-02-12,"49,676"
2015-02-13,"50,076"
2015-02-16,"50,13"
2015-02-17,"50,174"
2015-02-18,"49,206"
2015-02-19,"48,266"
2015-02-20,"48,841"
2015-02-23,"50,174"
2015-02-24,"50,084"
2015-02-25,"49,463"
2015-02-26,"49,154"
2015-02-27,"48,495"
2015-03-02,"49,286"
2015-03-03,"48,593"
2015-03-04,"48,424"
2015-03-05,"49,196"
2015-03-06,"49,641"
2015-03-09,"50,174"
2015-03-10,"49,073"
2015-03-11,"48,122"
2015-03-12,"47,971"
2015-03-13,"46,799"
2015-03-16,"47,066"
2015-03-17,"48,407"
2015-03-18,"49,73"
2015-03-19,"50,13"
2015-03-20,"50,618"
2015-03-23,"50,618"
2015-03-24,"51,062"
2015-03-25,"52,474"
2015-03-26,"51,506"
2015-03-27,"51,613"
2015-03-30,"52,439"
2015-03-31,"52,617"
2015-04-01,"52,083"
2015-04-02,"53,594"
2015-04-07,"54,392"
2015-04-08,"54,614"
2015-04-09,"56,221"
2015-04-10,"55,945"
2015-04-13,"56,035"
2015-04-14,"56,612"
2015-04-15,"55,786"
2015-04-16,"54,356"
2015-04-17,"53,282"
2015-04-20,"55,377"
2015-04-21,"56,39"
2015-04-22,"58,033"
2015-04-23,"57,74"
2015-04-24,"59,053"
2015-04-27,"61,54"
2015-04-28,"61,941"
2015-04-29,"60,031"
2015-04-30,"60,813"
2015-05-04,"61,976"
2015-05-05,"60,351"
2015-05-06,"58,61"
2015-05-07,"58,966"
2015-05-08,"60,386"
2015-05-11,"61,984"
2015-05-12,"61,984"
2015-05-13,"61,638"
2015-05-14,"59,88"
2015-05-15,"60,785"
2015-05-18,"61,807"
2015-05-19,"65,049"
2015-05-20,"65,269"
2015-05-21,"64,381"
2015-05-22,"63,983"
2015-05-25,"62,606"
2015-05-26,"63,538"
2015-05-27,"64,737"
2015-05-28,"64,559"
2015-05-29,"62,74"
2015-06-01,"62,997"
2015-06-02,"63,024"
2015-06-03,"63,05"
2015-06-05,"62,313"
2015-06-08,"61,612"
2015-06-09,"61,54"
2015-06-10,"60,386"
2015-06-11,"61,656"
2015-06-12,"61,096"
2015-06-15,"61,616"
2015-06-16,"62,188"
2015-06-17,"61,552"
2015-06-18,"63,826"
2015-06-19,"64,19"
2015-06-22,"66,028"
2015-06-23,"65,91"
2015-06-24,"65,965"
2015-06-25,"65,637"
2015-06-26,"66,42"
2015-06-29,"65,51"
2015-06-30,"67,174"
2015-07-01,"64,236"
2015-07-02,"64,735"
2015-07-03,"64,555"
2015-07-06,"64,972"
2015-07-07,"64,681"
2015-07-08,"65,401"
2015-07-09,"65,51"
2015-07-10,"66,246"
2015-07-13,"66,492"
2015-07-14,"67,137"
2015-07-15,"66,783"
2015-07-16,"66,42"
2015-07-17,"66,191"
2015-07-20,"68,557"
2015-07-21,"71,797"
2015-07-22,"71,515"
2015-07-23,"68,239"
2015-07-24,"70,168"
2015-07-27,"69,604"
2015-07-28,"68,194"
2015-07-29,"69,968"
2015-07-30,"68,694"
2015-07-31,"69,276"
2015-08-03,"68,968"
2015-08-04,"70,059"
2015-08-05,"72,051"
2015-08-06,"74,753"
2015-08-07,"75,609"
2015-08-10,"75,563"
2015-08-11,"77,129"
2015-08-12,"75,59"
2015-08-13,"73,698"
2015-08-14,"72,597"
2015-08-17,"73,925"
2015-08-18,"74,299"
2015-08-19,"75,882"
2015-08-20,"77,564"
2015-08-21,"76,427"
2015-08-24,"71,56"
2015-08-25,"70,705"
2015-08-26,"70,56"
2015-08-27,"68,694"
2015-08-28,"65,9"
2015-08-31,"67,174"
2015-09-01,"65,046"
2015-09-02,"63,826"
2015-09-03,"64,236"
2015-09-04,"66,884"
2015-09-07,"66,164"
2015-09-08,"63,981"
2015-09-09,"64,873"
2015-09-10,"65,91"
2015-09-11,"65,546"
2015-09-14,"66,42"
2015-09-15,"65,309"
2015-09-16,"63,781"
2015-09-17,"64,536"
2015-09-18,"64,599"
2015-09-21,"65,555"
2015-09-22,"62,826"
2015-09-23,"62,325"
2015-09-24,"60,824"
2015-09-25,"60,369"
2015-09-28,"60,051"
2015-09-29,"60,278"
2015-09-30,"60,233"
2015-10-01,"60,405"
2015-10-02,"60,733"
2015-10-05,"61,87"
2015-10-06,"61,569"
2015-10-07,"60,15"
2015-10-08,"58,686"
2015-10-09,"58,959"
2015-10-12,"58,713"
2015-10-13,"56,474"
2015-10-14,"57,321"
2015-10-15,"59,686"
2015-10-16,"58,686"
2015-10-19,"58,913"
2015-10-20,"58,959"
2015-10-21,"57,621"
2015-10-22,"57,139"
2015-10-23,"58,231"
2015-10-26,"58,904"
2015-10-27,"59,031"
2015-10-28,"58,176"
2015-10-29,"57,421"
2015-10-30,"57,111"
2015-11-02,"57,776"
2015-11-03,"57,321"
2015-11-04,"58,049"
2015-11-05,"58,248"
2015-11-06,"58,203"
2015-11-09,"59,122"
2015-11-10,"60,233"
2015-11-12,"59,914"
2015-11-13,"58,676"
2015-11-16,"60,287"
2015-11-17,"59,941"
2015-11-18,"62,607"
2015-11-19,"62,488"
2015-11-20,"62,68"
2015-11-23,"62,625"
2015-11-24,"63,035"
2015-11-25,"62,662"
2015-11-26,"63,235"
2015-11-27,"62,325"
2015-11-30,"61,806"
2015-12-01,"61,415"
2015-12-02,"60,551"
2015-12-03,"59,997"
2015-12-04,"60,315"
2015-12-07,"60,56"
2015-12-08,"59,686"
2015-12-09,"57,839"
2015-12-10,"57,412"
2015-12-11,"57,585"
2015-12-14,"57,776"
2015-12-15,"58,003"
2015-12-16,"58,003"
2015-12-17,"60,041"
2015-12-18,"58,667"
2015-12-21,"60,051"
2015-12-22,"61,388"
2015-12-23,"61,297"
2015-12-28,"61,715"
2015-12-29,"62,079"
2015-12-30,"61,733"
2016-01-04,"59,095"
2016-01-05,"58,849"
2016-01-07,"58,913"
2016-01-08,"57,503"
2016-01-11,"58,812"
2016-01-12,"59,396"
2016-01-13,"59,686"
2016-01-14,"58,723"
2016-01-15,"58,995"
2016-01-18,"57,804"
2016-01-19,"59,505"
2016-01-20,"58,531"
2016-01-21,"59,541"
2016-01-22,"59,122"
2016-01-25,"59,923"
2016-01-26,"59,085"
2016-01-27,"58,176"
2016-01-28,"56,775"
2016-01-29,"56,639"
2016-02-01,"55,892"
2016-02-02,"54,928"
2016-02-03,"53,326"
2016-02-04,"53,864"
2016-02-05,"55,519"
2016-02-08,"55,273"
2016-02-09,"54,5"
2016-02-10,"52,98"
2016-02-11,"52,68"
2016-02-12,"52,443"
2016-02-15,"52,68"
2016-02-16,"53,599"
2016-02-17,"57,22"
2016-02-18,"57,321"
2016-02-19,"58,076"
2016-02-22,"58,913"
2016-02-23,"57,53"
2016-02-24,"56,865"
2016-02-25,"57,385"
2016-02-26,"58,358"
2016-02-29,"58,159"
2016-03-01,"57,476"
2016-03-02,"56,293"
2016-03-03,"58,895"
2016-03-04,"58,576"
2016-03-07,"59,914"
2016-03-08,"58,231"
2016-03-09,"57,421"
2016-03-10,"56,784"
2016-03-11,"58,231"
2016-03-14,"57,621"
2016-03-15,"57,757"
2016-03-16,"58,34"
2016-03-17,"59,751"
2016-03-18,"61,524"
2016-03-21,"61,87"
2016-03-22,"62,07"
2016-03-23,"61,706"
2016-03-24,"63,498"
2016-03-29,"64,727"
2016-03-30,"67,13"
2016-03-31,"67,239"
2016-04-01,"65,973"
2016-04-04,"67,011"
2016-04-05,"65,746"
2016-04-06,"64,326"
2016-04-07,"63,69"
2016-04-08,"64,472"
2016-04-11,"64,718"
2016-04-12,"63,963"
2016-04-13,"65,518"
2016-04-14,"65,727"
2016-04-15,"65,482"
2016-04-18,"64,764"
2016-04-19,"66,592"
2016-04-20,"66,856"
2016-04-21,"65,391"
2016-04-22,"63,699"
2016-04-25,"63,69"
2016-04-26,"63,69"
2016-04-27,"62,362"
2016-04-28,"63,49"
2016-04-29,"62,552"
2016-05-02,"62,461"
2016-05-04,"61,142"
2016-05-05,"60,824"
2016-05-06,"60,568"
2016-05-09,"60,642"
2016-05-10,"59,868"
2016-05-11,"61,47"
2016-05-12,"62,826"
2016-05-13,"62,552"
2016-05-16,"62,907"
2016-05-17,"61,916"
2016-05-18,"61,589"
2016-05-19,"60,469"
2016-05-20,"62,634"
2016-05-23,"62,079"
2016-05-24,"62,962"
2016-05-25,"63,69"
2016-05-27,"63,052"
2016-05-30,"62,781"
2016-05-31,"62,943"
2016-06-01,"62,781"
2016-06-02,"62,508"
2016-06-03,"63,181"
2016-06-06,"61,779"
2016-06-07,"62,616"
2016-06-08,"63,079"
2016-06-09,"61,625"
2016-06-10,"61,706"
2016-06-13,"62,552"
2016-06-14,"61,606"
2016-06-15,"61,443"
2016-06-16,"61,706"
2016-06-17,"61,87"
2016-06-20,"62,552"
2016-06-21,"62,798"
2016-06-22,"63,462"
2016-06-23,"66,009"
2016-06-24,"62,826"
2016-06-27,"63,062"
2016-06-28,"63,644"
2016-06-29,"63,462"
2016-06-30,"62,826"
2016-07-01,"62,625"
2016-07-04,"61,688"
2016-07-05,"61,088"
2016-07-06,"60,369"
2016-07-07,"60,524"
2016-07-08,"58,276"
2016-07-11,"58,75"
2016-07-12,"59,996"
2016-07-13,"59,241"
2016-07-14,"58,386"
2016-07-15,"59,231"
2016-07-18,"61,344"
2016-07-19,"62,226"
2016-07-20,"60,639"
2016-07-21,"60,827"
2016-07-22,"59,86"
2016-07-25,"61,09"
2016-07-26,"61,662"
2016-07-27,"61,39"
2016-07-28,"59,316"
2016-07-29,"58,621"
2016-08-01,"58,959"
2016-08-02,"58,715"
2016-08-03,"58,499"
2016-08-04,"60,357"
2016-08-05,"60,545"
2016-08-08,"61,174"
2016-08-09,"61,709"
2016-08-10,"62,863"
2016-08-11,"63,004"
2016-08-12,"62,451"
2016-08-16,"61,015"
2016-08-17,"60,17"
2016-08-18,"60,987"
2016-08-19,"61,484"
2016-08-22,"62,235"
2016-08-23,"61,766"
2016-08-24,"61,484"
2016-08-25,"61,249"
2016-08-26,"60,92"
2016-08-29,"61,099"
2016-08-30,"61,812"
2016-08-31,"61,015"
2016-09-01,"61,202"
2016-09-02,"60,733"
2016-09-05,"60,686"
2016-09-06,"60,414"
2016-09-07,"61,352"
2016-09-08,"60,743"
2016-09-09,"60,076"
2016-09-12,"59,081"
2016-09-13,"58,856"
2016-09-14,"58,903"
2016-09-15,"59,813"
2016-09-16,"59,889"
2016-09-19,"61,184"
2016-09-20,"61,86"
2016-09-21,"62,46"
2016-09-22,"63,267"
2016-09-23,"61,775"
2016-09-26,"60,676"
2016-09-27,"60,968"
2016-09-28,"60,639"
2016-09-29,"61,184"
2016-09-30,"61,025"
2016-10-03,"60,827"
2016-10-04,"61,953"
2016-10-05,"62,892"
2016-10-06,"63,127"
2016-10-07,"63,033"
2016-10-10,"65,314"
2016-10-11,"65,314"
2016-10-12,"65,492"
2016-10-13,"64,76"
2016-10-14,"64,77"
2016-10-17,"63,596"
2016-10-18,"63,615"
2016-10-19,"64,582"
2016-10-20,"65,849"
2016-10-21,"65,755"
2016-10-24,"66,384"
2016-10-25,"67,623"
2016-10-26,"69,275"
2016-10-27,"70,308"
2016-10-28,"70,984"
2016-10-31,"73,03"
2016-11-02,"70,777"
2016-11-03,"71,293"
2016-11-04,"68,656"
2016-11-07,"68,881"
2016-11-08,"69,547"
2016-11-09,"68,768"
2016-11-10,"69,82"
2016-11-14,"68,458"
2016-11-15,"69,331"
2016-11-16,"70,242"
2016-11-17,"67,895"
2016-11-18,"66,966"
2016-11-21,"70,73"
2016-11-22,"71,622"
2016-11-23,"73,546"
2016-11-24,"72,729"
2016-11-25,"72,457"
2016-11-28,"71,95"
2016-11-29,"71,556"
2016-11-30,"71,763"
2016-12-01,"72,091"
2016-12-02,"71,077"
2016-12-05,"75,471"
2016-12-06,"75,564"
2016-12-07,"76,324"
2016-12-08,"76,982"
2016-12-09,"76,419"
2016-12-12,"75,236"
2016-12-13,"77,526"
2016-12-14,"79,948"
2016-12-15,"78,287"
2016-12-16,"79,863"
2016-12-19,"81,826"
2016-12-20,"79,572"
2016-12-21,"79,788"
2016-12-22,"81,15"
2016-12-23,"80,803"
2016-12-27,"81,14"
2016-12-28,"79,976"
2016-12-29,"79,601"
2016-12-30,"80,07"
2017-01-02,"80,343"
2017-01-03,"79,554"
2017-01-04,"81,197"
2017-01-05,"83,862"
2017-01-09,"83,168"
2017-01-10,"82,886"
2017-01-11,"80,22"
2017-01-12,"81,093"
2017-01-13,"81,197"
2017-01-16,"79,826"
2017-01-17,"80,446"
2017-01-18,"80,492"
2017-01-19,"81,197"
2017-01-20,"77,442"
2017-01-23,"77,254"
2017-01-24,"77,264"
2017-01-25,"77,357"
2017-01-26,"76,503"
2017-01-27,"78,202"
2017-01-30,"76,324"
2017-01-31,"76,203"
2017-02-01,"76,784"
2017-02-02,"76,691"
2017-02-03,"78,183"
2017-02-06,"79,46"
2017-02-07,"79,028"
2017-02-08,"78,662"
2017-02-09,"81,572"
2017-02-10,"80,21"
2017-02-13,"81,553"
2017-02-14,"82,032"
2017-02-15,"83,918"
2017-02-16,"87,768"
2017-02-17,"86,829"
2017-02-20,"87,11"
2017-02-21,"90,452"
2017-02-22,"88,236"
2017-02-23,"90,489"
2017-02-24,"88,706"
2017-02-27,"88,565"
2017-02-28,"88,424"
2017-03-01,"90,02"
2017-03-02,"89,551"
2017-03-03,"90,283"
2017-03-06,"91,644"
2017-03-07,"92,17"
2017-03-08,"93,024"
2017-03-09,"92,602"
2017-03-10,"93,399"
2017-03-13,"94,666"
2017-03-14,"96,875"
2017-03-15,"97,154"
2017-03-16,"98,707"
2017-03-17,"101,52"
2017-03-20,"100,49"
2017-03-21,"98,562"
2017-03-22,"95,418"
2017-03-23,"99,17"
2017-03-24,"99,122"
2017-03-27,"95,652"
2017-03-28,"97,386"
2017-03-29,"97,386"
2017-03-30,"97,858"
2017-03-31,"93,869"
2017-04-03,"99,87"
2017-04-04,"100,82"
2017-04-05,"98,659"
2017-04-06,"97,81"
2017-04-07,"97,53"
2017-04-10,"97,627"
2017-04-11,"99,92"
2017-04-12,"100,95"
2017-04-13,"103,35"
2017-04-18,"104,67"
2017-04-19,"104,67"
2017-04-20,"105,13"
2017-04-21,"106,16"
2017-04-24,"110,76"
2017-04-25,"112,64"
2017-04-26,"114,1"
2017-04-27,"108,79"
2017-04-28,"108,89"
2017-05-02,"109,5"
2017-05-04,"110,53"
2017-05-05,"111,23"
2017-05-08,"112,83"
2017-05-09,"111,14"
2017-05-10,"110,72"
2017-05-11,"106,54"
2017-05-12,"107,01"
2017-05-15,"108,7"
2017-05-16,"104,1"
2017-05-17,"99,92"
2017-05-18,"102,98"
2017-05-19,"103,31"
2017-05-22,"104,1"
2017-05-23,"99,55"
2017-05-24,"99,411"
2017-05-25,"101,85"
2017-05-26,"98,659"
2017-05-29,"99,411"
2017-05-30,"101,28"
2017-05-31,"99,64"
2017-06-01,"98,186"
2017-06-02,"99,266"
2017-06-05,"98,138"
2017-06-06,"101,38"
2017-06-07,"102,83"
2017-06-08,"104,71"
2017-06-09,"104,43"
2017-06-12,"104,19"
2017-06-13,"104,05"
2017-06-14,"106,5"
2017-06-16,"107,24"
2017-06-19,"109,31"
2017-06-20,"111,14"
2017-06-21,"113,25"
2017-06-22,"110,67"
2017-06-23,"110,53"
2017-06-26,"109,83"
2017-06-27,"106,54"
2017-06-28,"104,95"
2017-06-29,"107,94"
2017-06-30,"105,04"
2017-07-03,"104,52"
2017-07-04,"103,59"
2017-07-05,"106,31"
2017-07-06,"104,19"
2017-07-07,"103,87"
2017-07-10,"104,67"
2017-07-11,"103,49"
2017-07-12,"105,98"
2017-07-13,"107,86"
2017-07-14,"108,97"
2017-07-17,"108,39"
2017-07-18,"107,95"
2017-07-19,"107,04"
2017-07-20,"105,98"
2017-07-21,"102,55"
2017-07-24,"102,12"
2017-07-25,"102,27"
2017-07-26,"104,34"
2017-07-27,"101,69"
2017-07-28,"102,75"
2017-07-31,"102,55"
2017-08-01,"103,62"
2017-08-02,"102,75"
2017-08-03,"102,8"
2017-08-04,"102,36"
2017-08-07,"101,73"
2017-08-08,"104,15"
2017-08-09,"103,95"
2017-08-10,"103,18"
2017-08-11,"102,46"
2017-08-14,"102,84"
2017-08-16,"103,9"
2017-08-17,"101,83"
2017-08-18,"104,48"
2017-08-21,"104,15"
2017-08-22,"103,86"
2017-08-23,"104,92"
2017-08-24,"109,98"
2017-08-25,"111,14"
2017-08-28,"115,57"
2017-08-29,"113,69"
2017-08-30,"114,46"
2017-08-31,"113,69"
2017-09-01,"114,56"
2017-09-04,"113,02"
2017-09-05,"112,82"
2017-09-06,"114,37"
2017-09-07,"114,56"
2017-09-08,"115,24"
2017-09-11,"121,5"
2017-09-12,"121,74"
2017-09-13,"120,2"
2017-09-14,"121,5"
2017-09-15,"121,89"
2017-09-18,"122,52"
2017-09-19,"120,73"
2017-09-20,"121,7"
2017-09-21,"116,05"
2017-09-22,"116,01"
2017-09-25,"115,86"
2017-09-26,"117,74"
2017-09-27,"118,27"
2017-09-28,"117,16"
2017-09-29,"117,36"
2017-10-02,"120,88"
2017-10-03,"121,31"
2017-10-04,"120,25"
2017-10-05,"122,47"
2017-10-06,"126,81"
2017-10-09,"126,32"
2017-10-10,"128,16"
2017-10-11,"129,22"
2017-10-12,"126,13"
2017-10-13,"127,29"
2017-10-16,"126,32"
2017-10-17,"125,84"
2017-10-18,"125,36"
2017-10-19,"116,49"
2017-10-20,"117,36"
2017-10-23,"119,29"
2017-10-24,"118,9"
2017-10-25,"120,64"
2017-10-26,"122,37"
2017-10-27,"125,02"
2017-10-30,"126,52"
2017-10-31,"124,11"
2017-11-02,"124,49"
2017-11-03,"124,11"
2017-11-06,"121,5"
2017-11-07,"119,62"
2017-11-08,"118,85"
2017-11-09,"118,22"
2017-11-10,"119,38"
2017-11-13,"119,29"
2017-11-14,"122,56"
2017-11-15,"117,65"
2017-11-16,"111,81"
2017-11-17,"116,25"
2017-11-20,"117,07"
2017-11-21,"116,3"
2017-11-22,"115,77"
2017-11-23,"118,13"
2017-11-24,"114,9"
2017-11-27,"118,13"
2017-11-28,"117,26"
2017-11-29,"111,86"
2017-11-30,"106,85"
2017-12-01,"102,89"
2017-12-04,"104,05"
2017-12-05,"106,94"
2017-12-06,"109,88"
2017-12-07,"107,71"
2017-12-08,"107,09"
2017-12-11,"98,745"
2017-12-12,"101,2"
2017-12-13,"101,45"
2017-12-14,"102,46"
2017-12-15,"102,41"
2017-12-18,"104,53"
2017-12-19,"105,16"
2017-12-20,"103,86"
2017-12-21,"106,89"
2017-12-22,"107,18"
2017-12-27,"108,97"
2017-12-28,"105,5"
2017-12-29,"102,22"
2018-01-03,"101,73"
2018-01-04,"103,18"
2018-01-05,"102,84"
2018-01-08,"106,46"
2018-01-09,"103,18"
2018-01-10,"102,27"
2018-01-11,"103,23"
2018-01-12,"103,66"
2018-01-15,"102,89"
2018-01-16,"105,5"
2018-01-17,"106,03"
2018-01-18,"104,87"
2018-01-19,"104,92"
2018-01-22,108
2018-01-23,"108,97"
2018-01-24,"107,33"
2018-01-25,"101,69"
2018-01-26,"105,54"
2018-01-29,"105,45"
2018-01-30,104
2018-01-31,"104,63"
2018-02-01,"104,05"
2018-02-02,"99,469"
2018-02-05,"101,06"
2018-02-06,"95,467"
2018-02-07,"97,106"
2018-02-08,"91,629"
2018-02-09,"90,163"
2018-02-12,"91,648"
2018-02-13,"92,902"
2018-02-14,"93,692"
2018-02-15,"90,915"
2018-02-16,"90,838"
2018-02-19,"90,626"
2018-02-20,"92,092"
2018-02-21,"92,092"
2018-02-22,"89,893"
2018-02-23,"89,681"
2018-02-26,"90,549"
2018-02-27,"95,274"
2018-02-28,"93,075"
2018-03-01,"92,439"
2018-03-02,"91,802"
2018-03-05,"89,315"
2018-03-06,"90,645"
2018-03-07,"90,53"
2018-03-08,"88,717"
2018-03-09,"90,645"
2018-03-12,"92,342"
2018-03-13,"91,34"
2018-03-14,"88,504"
2018-03-15,"87,945"
2018-03-16,"85,284"
2018-03-19,"84,57"
2018-03-20,"83,162"
2018-03-21,"87,444"
2018-03-22,"85,207"
2018-03-23,"82,931"
2018-03-26,"83,895"
2018-03-27,"83,143"
2018-03-28,"80,616"
2018-03-29,"81,118"
2018-04-03,"84,339"
2018-04-04,"82,776"
2018-04-05,"86,325"
2018-04-06,"89,469"
2018-04-09,"87,135"
2018-04-10,"85,862"
2018-04-11,"86,229"
2018-04-12,"88,042"
2018-04-13,"87,752"
2018-04-16,"88,196"
2018-04-17,"84,821"
2018-04-18,"85,303"
2018-04-19,"85,862"
2018-04-20,"84,763"
2018-04-23,"85,766"
2018-04-24,"84,107"
2018-04-25,"83,606"
2018-04-26,"86,749"
2018-04-27,"86,653"
2018-04-30,"86,499"
2018-05-02,"84,165"
2018-05-04,"80,79"
2018-05-07,"78,591"
2018-05-08,"79,363"
2018-05-09,"83,413"
2018-05-10,"81,87"
2018-05-11,"83,413"
2018-05-14,"84,281"
2018-05-15,"82,198"
2018-05-16,"81,291"
2018-05-17,"83,336"
2018-05-18,"81,002"
2018-05-21,"83,124"
2018-05-22,"80,269"
2018-05-23,"79,729"
2018-05-24,"81,619"
2018-05-25,"81,176"
2018-05-28,"82,699"
2018-05-29,"79,054"
2018-05-30,"78,591"
2018-06-01,"79,054"
2018-06-04,"80,308"
2018-06-05,"83,664"
2018-06-06,"85,342"
2018-06-07,"84,377"
2018-06-08,"84,242"
2018-06-11,"82,101"
2018-06-12,"83,895"
2018-06-13,"82,738"
2018-06-14,"82,275"
2018-06-15,"81,176"
2018-06-18,"79,074"
2018-06-19,"77,878"
2018-06-20,"79,363"
2018-06-21,"80,038"
2018-06-22,"79,845"
2018-06-25,"79,556"
2018-06-26,"80,655"
2018-06-27,"79,363"
2018-06-28,"79,556"
2018-06-29,"81,06"
2018-07-02,"78,881"
2018-07-03,"80,983"
2018-07-04,"84,146"
2018-07-05,"81,002"
2018-07-06,"81,774"
2018-07-09,"80,346"
2018-07-10,"81,311"
2018-07-11,"79,556"
2018-07-12,"78,302"
2018-07-13,"79,054"
2018-07-16,"78,225"
2018-07-17,"80,886"
2018-07-18,"81,06"
2018-07-19,"83,7"
2018-07-20,87
2018-07-23,"89,6"
2018-07-24,"90,68"
2018-07-25,"92,9"
2018-07-26,"94,48"
2018-07-27,"93,26"
2018-07-30,"95,36"
2018-07-31,"92,64"
2018-08-01,"93,06"
2018-08-02,"91,74"
2018-08-03,"93,78"
2018-08-06,"93,3"
2018-08-07,"93,08"
2018-08-08,"93,18"
2018-08-09,"94,38"
2018-08-10,92
2018-08-13,"95,32"
2018-08-14,"97,8"
2018-08-16,"98,1"
2018-08-17,"95,72"
2018-08-20,"97,6"
2018-08-21,"97,14"
2018-08-22,"98,2"
2018-08-23,"96,66"
2018-08-24,"98,48"
2018-08-27,"99,2"
2018-08-28,100
2018-08-29,"100,65"
2018-08-30,"98,7"
2018-08-31,"98,24"
2018-09-03,"99,6"
2018-09-04,"98,12"
2018-09-05,102
2018-09-06,"101,15"
2018-09-07,"102,35"
2018-09-10,"101,75"
2018-09-11,"104,85"
2018-09-12,"104,25"
2018-09-13,"103,4"
2018-09-14,"99,42"
2018-09-17,"100,45"
2018-09-18,"100,1"
2018-09-19,"98,5"
2018-09-20,97
2018-09-21,"97,64"
2018-09-24,"100,65"
2018-09-25,"100,15"
2018-09-26,"100,15"
2018-09-27,"102,15"
2018-09-28,101
2018-10-01,"102,7"
2018-10-02,"98,96"
2018-10-03,"98,68"
2018-10-04,"99,28"
2018-10-05,"97,32"
2018-10-08,"95,46"
2018-10-09,"97,84"
2018-10-10,"94,52"
2018-10-11,"93,62"
2018-10-12,"96,3"
2018-10-15,"95,48"
2018-10-16,"97,64"
2018-10-17,"95,14"
2018-10-18,94
2018-10-19,"93,84"
2018-10-22,"93,42"
2018-10-23,91
2018-10-24,"91,5"
2018-10-25,"88,32"
2018-10-26,"84,84"
2018-10-29,"88,72"
2018-10-30,"90,88"
2018-10-31,"92,24"
2018-11-02,"93,5"
2018-11-05,"96,18"
2018-11-06,"96,5"
2018-11-07,"97,62"
2018-11-08,94
2018-11-09,"96,44"
2018-11-13,"95,62"
2018-11-14,"97,8"
2018-11-15,"97,62"
2018-11-16,99
2018-11-19,"101,8"
2018-11-20,"101,1"
2018-11-21,"102,45"
2018-11-22,"104,6"
2018-11-23,"102,15"
2018-11-26,"101,2"
2018-11-27,"105,7"
2018-11-28,"109,9"
2018-11-29,"112,85"
2018-11-30,"110,1"
2018-12-03,"109,1"
2018-12-04,"108,9"
2018-12-05,"110,5"
2018-12-06,"107,5"
2018-12-07,"106,85"
2018-12-10,"105,25"
2018-12-11,106
2018-12-12,111
2018-12-13,"113,5"
2018-12-14,"111,75"
2018-12-17,"107,3"
2018-12-18,"106,65"
2018-12-19,"108,15"
2018-12-20,"107,7"
2018-12-21,"104,1"
2018-12-27,"106,3"
2018-12-28,"108,15"
2019-01-02,"102,3"
2019-01-03,"98,059"
2019-01-04,"99,89"
2019-01-07,"103,6"
2019-01-08,"104,56"
2019-01-09,"104,95"
2019-01-10,"105,05"
2019-01-11,"106,4"
2019-01-14,"106,01"
2019-01-15,"107,07"
2019-01-16,"107,94"
2019-01-17,"106,25"
2019-01-18,"107,6"
2019-01-21,"106,4"
2019-01-22,"107,02"
2019-01-23,"109,62"
2019-01-24,"104,03"
2019-01-25,"103,74"
2019-01-28,"101,34"
2019-01-29,"102,01"
2019-01-30,"101,19"
2019-01-31,"100,9"
2019-02-01,"101,19"
2019-02-04,"100,03"
2019-02-05,"100,71"
2019-02-06,"102,35"
2019-02-07,"100,71"
2019-02-08,"99,55"
2019-02-11,"99,071"
2019-02-12,"100,56"
2019-02-13,"98,396"
2019-02-14,"100,18"
2019-02-15,"99,6"
2019-02-18,"98,107"
2019-02-19,"97,24"
2019-02-20,"101,19"
2019-02-21,"100,85"
2019-02-22,"101,77"
2019-02-25,"102,35"
2019-02-26,"102,06"
2019-02-27,"99,023"
2019-02-28,"98,203"
2019-03-01,"97,047"
2019-03-04,"97,818"
2019-03-05,"97,722"
2019-03-06,"99,263"
2019-03-07,"98,444"
2019-03-08,"99,263"
2019-03-11,"98,974"
2019-03-12,"98,685"
2019-03-13,"98,203"
2019-03-14,"98,155"
2019-03-15,"98,348"
2019-03-18,"97,625"
2019-03-19,"98,3"
2019-03-20,"97,336"
2019-03-21,"97,577"
2019-03-22,"96,372"
2019-03-25,"94,638"
2019-03-26,"95,524"
2019-03-27,"94,657"
2019-03-28,"94,888"
2019-03-29,"94,098"
2019-04-01,"96,314"
2019-04-02,"95,871"
2019-04-03,"99,79"
2019-04-04,"97,625"
2019-04-05,"94,618"
2019-04-08,"95,64"
2019-04-09,"96,565"
2019-04-10,"98,348"
2019-04-11,"96,854"
2019-04-12,"98,011"
2019-04-15,"96,854"
2019-04-16,"97,914"
2019-04-17,"99,167"
2019-04-18,"97,481"
2019-04-23,"97,914"
2019-04-24,"97,673"
2019-04-25,"97,143"
2019-04-26,"95,621"
2019-04-29,"95,833"
2019-04-30,"94,368"
2019-05-02,"94,291"
2019-05-06,"93,308"
2019-05-07,"89,954"
2019-05-08,"88,007"
2019-05-09,"84,499"
2019-05-10,"84,596"
2019-05-13,"84,268"
2019-05-14,"84,075"
2019-05-15,"84,229"
2019-05-16,"87,198"
2019-05-17,"89,511"
2019-05-20,"88,913"
2019-05-21,"89,279"
2019-05-22,"88,393"
2019-05-23,"85,694"
2019-05-24,"86,87"
2019-05-27,"87,68"
2019-05-28,"90,243"
2019-05-29,"91,265"
2019-05-30,"91,515"
2019-05-31,"93,269"
2019-06-03,"93,096"
2019-06-04,"91,843"
2019-06-05,"91,072"
2019-06-06,"89,395"
2019-06-07,"86,909"
2019-06-10,"88,026"
2019-06-11,"89,106"
2019-06-12,"88,373"
2019-06-13,"86,851"
2019-06-14,"86,003"
2019-06-17,"86,369"
2019-06-18,"87,448"
2019-06-19,"86,33"
2019-06-21,"85,347"
2019-06-24,"87,198"
2019-06-25,"86,619"
2019-06-26,"86,35"
2019-06-27,"86,851"
2019-06-28,"86,716"
2019-07-01,"87,198"
2019-07-02,"87,255"
2019-07-03,"92,479"
2019-07-04,"92,807"
2019-07-05,"92,228"
2019-07-08,"92,036"
2019-07-09,"89,915"
2019-07-10,"90,455"
2019-07-11,"91,843"
2019-07-12,"93,809"
2019-07-15,"92,845"
2019-07-16,"93,096"
2019-07-17,"92,517"
2019-07-18,"92,98"
2019-07-19,"98,84"
2019-07-22,"98,8"
2019-07-23,"99,18"
2019-07-24,"100,25"
2019-07-25,"99,2"
2019-07-26,"98,8"
2019-07-29,"96,66"
2019-07-30,"96,24"
2019-07-31,"97,36"
2019-08-01,98
2019-08-02,"96,88"
2019-08-05,"96,06"
2019-08-06,"93,98"
2019-08-07,"92,9"
2019-08-08,"94,64"
2019-08-09,"91,42"
2019-08-12,"89,28"
2019-08-13,"93,46"
2019-08-14,"90,08"
2019-08-16,"88,52"
2019-08-19,"90,12"
2019-08-20,"89,32"
2019-08-21,"89,84"
2019-08-22,"89,5"
2019-08-23,"89,84"
2019-08-26,"89,86"
2019-08-27,"88,62"
2019-08-28,"89,96"
2019-08-29,89
2019-08-30,"90,64"
2019-09-02,"91,5"
2019-09-03,"88,72"
2019-09-04,"87,34"
2019-09-05,"87,4"
2019-09-06,"87,96"
2019-09-09,"91,2"
2019-09-10,"94,5"
2019-09-11,"94,42"
2019-09-12,"92,82"
2019-09-13,"93,64"
2019-09-16,94
2019-09-17,"91,7"
2019-09-18,"93,58"
2019-09-19,"94,6"
2019-09-20,"96,8"
2019-09-23,"96,8"
2019-09-24,"98,72"
2019-09-25,"97,88"
2019-09-26,"98,38"
2019-09-27,"97,86"
2019-09-30,"98,7"
2019-10-01,"98,56"
2019-10-02,"97,78"
2019-10-03,"99,6"
2019-10-04,"101,9"
2019-10-07,"100,8"
2019-10-08,"102,55"
2019-10-09,103
2019-10-10,"101,95"
2019-10-11,"101,65"
2019-10-14,"101,1"
2019-10-15,"101,4"
2019-10-16,"102,05"
2019-10-17,"102,55"
2019-10-18,"104,5"
2019-10-21,"106,35"
2019-10-22,"107,85"
2019-10-23,108
2019-10-24,"103,95"
2019-10-25,"102,85"
2019-10-28,"105,6"
2019-10-29,"106,5"
2019-10-30,"106,2"
2019-10-31,"104,4"
2019-11-04,"108,35"
2019-11-05,"109,05"
2019-11-06,"107,5"
2019-11-07,"105,85"
2019-11-08,"105,5"
2019-11-12,"102,05"
2019-11-13,"102,45"
2019-11-14,"102,05"
2019-11-15,"102,3"
2019-11-18,"101,55"
2019-11-19,"97,24"
2019-11-20,"96,8"
2019-11-21,"94,14"
2019-11-22,"94,2"
2019-11-25,"94,2"
2019-11-26,"93,44"
2019-11-27,93
2019-11-28,"92,36"
2019-11-29,"92,9"
2019-12-02,"91,48"
2019-12-03,"89,26"
2019-12-04,"88,5"
2019-12-05,"87,64"
2019-12-06,"82,12"
2019-12-09,"81,78"
2019-12-10,"80,98"
2019-12-11,"81,58"
2019-12-12,"83,96"
2019-12-13,"85,66"
2019-12-16,"83,66"
2019-12-17,"84,54"
2019-12-18,"84,3"
2019-12-19,"85,34"
2019-12-20,"84,1"
2019-12-23,"85,14"
2019-12-27,"85,94"
2019-12-30,"85,82"
